player_id,player,team,pos,gp,min,pts,reb,ast,stl,blk,fgm,fga,fg3m,ftm,tov,fpts
203999,Nikola Jokić,DEN,Center,70,36.7,29.6,12.7,10.2,1.8,0.6,11.2,19.5,2.0,5.2,3.3,96.31
203507,Giannis Antetokounmpo,MIL,Forward,67,34.2,30.4,11.9,6.5,0.9,1.2,11.8,19.7,0.2,6.5,3.1,83.03
1629029,Luka Dončić,LAL,Forward-Guard,50,35.4,28.2,8.2,7.7,1.8,0.4,9.2,20.5,3.5,6.2,3.6,76.2
1641705,Victor Wembanyama,SAS,Forward-Center,46,33.2,24.3,11.0,3.7,1.1,3.8,8.9,18.6,3.1,3.4,3.2,75.92
1628983,Shai Gilgeous-Alexander,OKC,Guard,76,34.2,32.7,5.0,6.4,1.7,1.0,11.3,21.8,2.1,7.9,2.4,73.93
203076,Anthony Davis,DAL,Forward-Center,51,33.4,24.7,11.6,3.5,1.2,2.2,9.2,17.8,0.7,5.6,2.2,72.48
1628369,Jayson Tatum,BOS,Forward-Guard,72,36.4,26.8,8.7,6.0,1.1,0.5,9.2,20.3,3.5,5.0,2.9,70.09
1626157,Karl-Anthony Towns,NYK,Center-Forward,72,35.0,24.4,12.8,3.1,1.0,0.7,8.9,16.9,2.0,4.7,2.7,69.77
1630595,Cade Cunningham,DET,Guard,70,35.0,26.1,6.1,9.1,1.0,0.8,9.8,20.8,2.1,4.5,4.4,67.29
2544,LeBron James,LAL,Forward,70,34.9,24.4,7.8,8.2,1.0,0.6,9.3,18.1,2.1,3.7,3.7,66.8
1627734,Domantas Sabonis,SAC,Forward-Center,70,34.7,19.1,13.9,6.0,0.7,0.4,7.5,12.8,0.9,3.1,2.9,66.42
201935,James Harden,LAC,Guard,79,35.3,22.8,5.8,8.7,1.5,0.7,6.7,16.4,3.0,6.4,4.3,64.7
1629027,Trae Young,ATL,Guard,76,36.0,24.2,3.1,11.6,1.2,0.2,7.4,18.1,2.9,6.5,4.7,64.51
1630162,Anthony Edwards,MIN,Guard,79,36.3,27.6,5.7,4.5,1.2,0.6,9.1,20.4,4.1,5.3,3.2,62.68
203081,Damian Lillard,MIL,Guard,58,36.1,24.9,4.7,7.1,1.2,0.2,7.7,17.1,3.4,6.2,2.8,62.21
1630178,Tyrese Maxey,PHI,Guard,52,37.7,26.3,3.3,6.1,1.8,0.4,9.2,21.0,3.1,4.9,2.4,60.94
1631094,Paolo Banchero,ORL,Forward,46,34.4,25.9,7.5,4.8,0.8,0.6,9.0,19.8,1.9,6.1,3.0,60.78
1630163,LaMelo Ball,CHA,Guard,47,32.0,25.2,4.9,7.4,1.1,0.3,8.6,21.3,3.8,4.1,3.6,60.56
203954,Joel Embiid,PHI,Center-Forward,19,30.2,23.8,8.2,4.5,0.7,0.9,7.4,16.6,1.2,7.8,3.3,60.53
1629627,Zion Williamson,NOP,Forward,30,28.6,24.6,7.2,5.3,1.2,0.9,9.6,16.9,0.1,5.3,3.0,59.87
201142,Kevin Durant,PHX,Forward,62,36.5,26.6,6.0,4.2,0.8,1.2,9.5,18.1,2.6,4.9,3.1,59.83
1630552,Jalen Johnson,ATL,Forward,36,35.7,18.9,10.0,5.0,1.6,1.0,7.5,15.1,1.2,2.6,2.9,58.91
201939,Stephen Curry,GSW,Guard,70,32.2,24.5,4.4,6.0,1.1,0.4,8.1,18.0,4.4,4.0,2.9,58.51
1626164,Devin Booker,PHX,Guard,75,37.3,25.6,4.1,7.1,0.9,0.2,8.7,18.9,2.4,5.8,2.9,58.47
1630578,Alperen Sengun,HOU,Center,76,31.5,19.1,10.3,4.9,1.1,0.8,7.5,15.0,0.3,3.9,2.6,57.93
1628973,Jalen Brunson,NYK,Guard,65,35.4,26.0,2.9,7.3,0.9,0.1,9.0,18.5,2.3,5.7,2.5,57.77
1630169,Tyrese Haliburton,IND,Guard,73,33.6,18.6,3.5,9.2,1.4,0.7,6.5,13.8,3.0,2.6,1.6,57.07
202681,Kyrie Irving,DAL,Guard,50,36.1,24.7,4.8,4.6,1.3,0.5,8.9,18.9,2.9,3.9,2.2,55.72
1630567,Scottie Barnes,TOR,Forward-Guard,65,32.8,19.3,7.7,5.8,1.4,1.0,7.3,16.4,1.2,3.5,2.8,55.7
1630596,Evan Mobley,CLE,Center,71,30.5,18.5,9.3,3.2,0.9,1.6,7.1,12.8,1.2,3.1,2.0,55.7
202696,Nikola Vučević,CHI,Center,73,31.2,18.5,10.1,3.5,0.8,0.7,7.5,14.2,1.8,1.6,1.6,55.69
1628368,De'Aaron Fox,SAS,Guard,62,36.1,23.5,4.8,6.3,1.5,0.4,8.7,18.8,1.9,4.2,2.8,55.68
1628378,Donovan Mitchell,CLE,Guard,71,31.4,24.0,4.5,5.0,1.3,0.2,8.2,18.6,3.3,4.2,2.1,55.51
1627826,Ivica Zubac,LAC,Center,80,32.8,16.8,12.6,2.7,0.7,1.1,7.4,11.8,0.0,2.0,1.6,55.51
1629639,Tyler Herro,MIA,Guard,77,35.4,23.9,5.2,5.5,0.9,0.2,8.5,17.9,3.3,3.7,2.6,55.45
1628389,Bam Adebayo,MIA,Center-Forward,78,34.3,18.1,9.6,4.3,1.3,0.7,6.9,14.3,1.0,3.2,2.1,54.89
1630532,Franz Wagner,ORL,Forward,60,33.7,24.2,5.7,4.7,1.3,0.4,9.0,19.4,1.7,4.5,2.3,54.84
1629630,Ja Morant,MEM,Guard,50,30.4,23.2,4.1,7.3,1.2,0.2,8.1,17.8,1.8,5.3,3.7,54.64
1631114,Jalen Williams,OKC,Guard-Forward,69,32.4,21.6,5.3,5.1,1.6,0.7,8.2,16.9,1.8,3.4,2.2,52.95
1627749,Dejounte Murray,NOP,Guard,31,32.6,17.5,6.5,7.4,2.0,0.4,6.3,15.9,1.7,3.3,3.4,52.69
1628970,Miles Bridges,CHA,Forward,64,31.7,20.3,7.5,3.9,0.7,0.7,7.3,17.0,2.2,3.5,2.1,52.12
1628991,Jaren Jackson Jr.,MEM,Forward-Center,74,29.8,22.2,5.6,2.0,1.2,1.5,8.0,16.4,2.0,4.2,2.1,52.08
1628404,Josh Hart,NYK,Guard,77,37.6,13.6,9.6,5.9,1.5,0.4,5.2,10.0,1.1,2.1,2.1,51.96
1630581,Josh Giddey,CHI,Guard,70,30.2,14.6,8.1,7.2,1.2,0.6,5.3,11.4,1.5,2.5,2.9,51.83
1627750,Jamal Murray,DEN,Guard,67,36.1,21.4,3.9,6.0,1.4,0.5,7.9,16.7,2.3,3.3,2.1,51.82
202695,Kawhi Leonard,LAC,Forward,37,31.9,21.5,5.9,3.1,1.6,0.5,8.4,16.8,2.1,2.6,1.9,51.3
204001,Kristaps Porziņģis,BOS,Forward-Center,42,28.8,19.5,6.8,2.1,0.7,1.5,6.6,13.7,2.5,3.8,1.3,51.23
1627759,Jaylen Brown,BOS,Guard-Forward,63,34.3,22.2,5.8,4.5,1.2,0.3,8.2,17.7,1.8,3.9,2.6,51.01
1629628,RJ Barrett,TOR,Forward-Guard,58,32.2,21.1,6.3,5.4,0.8,0.3,7.9,16.9,1.8,3.4,2.9,50.93
1630559,Austin Reaves,LAL,Guard,73,34.9,20.2,4.5,5.8,1.1,0.3,6.5,14.2,2.7,4.4,2.4,50.84
1630530,Trey Murphy III,NOP,Forward,53,35.0,21.2,5.1,3.5,1.1,0.7,7.2,15.8,3.0,3.8,1.9,50.77
1630217,Desmond Bane,ORL,Guard,69,32.0,19.2,6.1,5.3,1.2,0.4,7.1,14.8,2.4,2.6,2.4,50.34
203897,Zach LaVine,SAC,Guard,74,35.2,23.3,4.3,4.2,0.8,0.2,8.4,16.5,3.2,3.2,2.8,50.16
1627783,Pascal Siakam,IND,Forward,78,32.7,20.2,6.9,3.4,0.9,0.5,7.9,15.2,1.6,2.9,1.4,49.77
1628381,John Collins,UTA,Forward-Center,40,30.5,19.0,8.2,2.0,1.0,1.0,7.0,13.3,1.5,3.5,2.6,49.68
1627742,Brandon Ingram,TOR,Forward,18,33.1,22.2,5.6,5.2,0.9,0.6,8.6,18.5,2.4,2.6,3.8,49.5
1641706,Brandon Miller,CHA,Forward,27,34.2,21.0,4.9,3.6,1.1,0.7,7.3,18.2,3.9,2.5,2.8,49.47
202710,Jimmy Butler III,GSW,Forward,55,31.7,17.5,5.4,5.4,1.4,0.3,5.5,10.9,0.6,6.0,1.3,49.01
1629636,Darius Garland,CLE,Guard,75,30.7,20.6,2.9,6.7,1.2,0.1,7.4,15.7,2.8,3.0,2.5,48.71
1630560,Cam Thomas,BKN,Guard,25,31.2,24.0,3.3,3.8,0.6,0.1,8.0,18.2,2.7,5.3,2.5,48.36
1631109,Mark Williams,CHA,Center,44,26.6,15.3,10.2,2.5,0.7,1.2,6.1,10.2,0.0,3.0,1.6,48.29
201942,DeMar DeRozan,SAC,Guard-Forward,77,35.9,22.2,3.9,4.4,0.8,0.4,8.1,17.0,1.1,4.9,1.4,48.24
1631096,Chet Holmgren,OKC,Center-Forward,32,27.4,15.0,8.0,2.0,0.7,2.2,5.2,10.7,1.4,3.2,1.8,47.64
203944,Julius Randle,MIN,Forward-Center,69,32.3,18.7,7.1,4.7,0.7,0.2,6.6,13.6,1.6,3.9,2.8,47.4
1631117,Walker Kessler,UTA,Center,58,30.0,11.1,12.2,1.7,0.6,2.4,4.8,7.2,0.1,1.4,1.5,47.28
1630166,Deni Avdija,POR,Forward,72,30.0,16.9,7.3,3.9,1.0,0.5,5.6,11.7,1.7,4.0,2.7,47.0
1641708,Amen Thompson,HOU,Guard-Forward,69,32.3,14.1,8.2,3.8,1.4,1.3,5.6,10.1,0.4,2.4,2.0,46.91
1629673,Jordan Poole,WAS,Guard,68,29.4,20.5,3.0,4.5,1.3,0.4,6.7,15.5,3.5,3.6,3.0,46.66
1627751,Jakob Poeltl,TOR,Center,57,29.6,14.5,9.6,2.8,1.2,1.2,6.4,10.2,0.0,1.7,1.9,46.54
203468,CJ McCollum,NOP,Guard,56,32.7,21.1,3.8,4.1,0.8,0.4,7.9,17.9,3.1,2.2,1.9,46.42
1630224,Jalen Green,HOU,Guard,82,32.9,21.0,4.6,3.4,0.9,0.3,7.4,17.5,2.9,3.3,2.5,46.22
1628401,Derrick White,BOS,Guard,76,33.9,16.4,4.5,4.8,0.9,1.1,5.6,12.6,3.5,1.8,1.7,46.07
1629632,Coby White,CHI,Guard,74,33.1,20.4,3.7,4.5,0.9,0.2,6.9,15.1,2.9,3.7,2.4,45.98
1629008,Michael Porter Jr.,DEN,Forward,77,33.7,18.2,7.0,2.1,0.6,0.5,6.9,13.6,2.5,1.9,1.4,45.59
203497,Rudy Gobert,MIN,Center,72,33.2,12.0,10.9,1.8,0.8,1.4,4.7,7.1,0.0,2.6,1.2,45.48
1630700,Dyson Daniels,ATL,Guard,76,33.8,14.1,5.9,4.4,3.0,0.7,6.0,12.1,1.1,1.1,2.0,45.42
1626181,Norman Powell,LAC,Guard,60,32.6,21.8,3.2,2.1,1.2,0.2,7.6,15.8,3.0,3.6,1.8,45.42
1626167,Myles Turner,IND,Center-Forward,72,30.2,15.6,6.5,1.5,0.8,2.0,5.4,11.3,2.2,2.6,1.7,44.94
1629661,Cameron Johnson,BKN,Forward,57,31.6,18.8,4.3,3.4,0.9,0.4,6.2,13.1,2.8,3.5,1.7,44.64
1628384,OG Anunoby,NYK,Forward-Guard,74,36.6,18.0,4.8,2.2,1.5,0.9,6.6,13.9,2.3,2.5,1.4,44.62
1628374,Lauri Markkanen,UTA,Forward-Center,47,31.4,19.0,5.9,1.5,0.7,0.4,6.3,14.9,2.9,3.4,1.4,44.62
1628386,Jarrett Allen,CLE,Center,82,28.0,13.5,9.7,1.9,0.9,0.9,5.5,7.8,0.0,2.4,1.2,44.5
1628392,Isaiah Hartenstein,OKC,Center-Forward,57,27.9,11.2,10.7,3.8,0.8,1.1,4.9,8.4,0.0,1.4,1.7,44.4
1629028,Deandre Ayton,POR,Center,40,30.1,14.4,10.2,1.6,0.8,1.0,6.6,11.7,0.2,1.0,1.7,44.36
202331,Paul George,PHI,Forward,41,32.5,16.2,5.3,4.3,1.8,0.5,6.0,13.9,2.3,1.9,2.6,43.87
1629023,P.J. Washington,DAL,Forward,57,32.2,14.7,7.8,2.3,1.1,1.1,5.3,11.7,1.6,2.5,2.1,43.8
1631105,Jalen Duren,DET,Center,78,26.1,11.8,10.3,2.7,0.7,1.1,4.8,7.0,0.0,2.1,1.7,43.59
1630168,Onyeka Okongwu,ATL,Forward-Center,74,27.9,13.4,8.9,2.3,0.9,0.9,5.2,9.2,0.6,2.2,1.2,43.4
203952,Andrew Wiggins,MIA,Forward,60,30.7,18.0,4.5,2.6,1.0,0.8,6.3,14.0,2.2,3.3,1.7,43.08
1629014,Anfernee Simons,POR,Guard,70,32.7,19.3,2.7,4.8,0.9,0.1,6.8,16.1,3.1,2.5,2.0,43.04
1630193,Immanuel Quickley,TOR,Guard,33,27.8,17.1,3.5,5.8,0.7,0.1,5.6,13.3,2.6,3.4,1.8,42.74
1628370,Malik Monk,SAC,Guard,65,31.6,17.2,3.8,5.6,0.9,0.6,6.3,14.4,2.1,2.4,2.4,42.68
1627832,Fred VanVleet,HOU,Guard,60,35.2,14.1,3.7,5.6,1.6,0.4,4.8,12.7,2.7,1.9,1.5,41.86
1641718,Keyonte George,UTA,Guard,67,31.5,16.8,3.8,5.6,0.7,0.1,5.4,13.7,2.6,3.5,2.7,41.06
1630591,Jalen Suggs,ORL,Guard,35,28.6,16.2,4.0,3.7,1.5,0.9,5.6,13.7,2.2,2.8,2.9,40.66
1631101,Shaedon Sharpe,POR,Guard,72,31.3,18.5,4.5,2.8,0.9,0.2,6.9,15.3,2.0,2.6,2.1,40.35
201566,Russell Westbrook,DEN,Guard,75,27.9,13.3,4.9,6.1,1.4,0.5,5.0,11.1,1.3,2.1,3.2,40.28
1626162,Kelly Oubre Jr.,PHI,Forward-Guard,60,34.6,15.1,6.1,1.8,1.5,0.5,5.8,12.4,1.2,2.3,1.3,40.27
1626171,Bobby Portis,MIL,Forward,49,25.4,13.9,8.4,2.1,0.7,0.5,5.7,12.1,1.3,1.2,1.2,40.21
1630170,Devin Vassell,SAS,Guard-Forward,64,31.0,16.3,4.0,2.9,1.3,0.5,6.2,13.9,2.5,1.5,1.4,40.1
1631093,Jaden Ivey,DET,Guard,30,29.9,17.6,4.1,4.0,0.9,0.4,6.3,13.8,2.1,2.8,3.0,39.69
203078,Bradley Beal,PHX,Guard,53,32.1,17.0,3.3,3.7,1.1,0.5,6.5,13.1,1.9,2.1,1.9,39.37
1628969,Mikal Bridges,NYK,Guard-Forward,82,37.0,17.6,3.2,3.7,0.9,0.5,7.2,14.4,2.0,1.2,1.6,39.36
1631128,Christian Braun,DEN,Guard,79,33.9,15.4,5.2,2.6,1.1,0.5,6.0,10.4,1.1,2.2,1.0,39.29
1629675,Naz Reid,MIN,Center-Forward,80,27.5,14.2,6.0,2.3,0.7,0.9,5.3,11.5,2.2,1.4,1.4,39.09
1642259,Alex Sarr,WAS,Center,67,27.1,13.0,6.5,2.4,0.7,1.5,4.9,12.4,1.6,1.7,1.7,38.84
1629012,Collin Sexton,UTA,Guard,63,27.9,18.4,2.7,4.2,0.7,0.1,6.6,13.8,1.7,3.4,2.5,38.28
1629631,De'Andre Hunter,CLE,Forward-Guard,64,27.2,17.0,4.0,1.4,0.8,0.2,5.6,11.9,2.5,3.4,1.3,38.0
1630202,Payton Pritchard,BOS,Guard,80,28.4,14.3,3.8,3.5,0.9,0.2,5.1,10.8,3.2,0.9,1.0,37.76
1631097,Bennedict Mathurin,IND,Guard-Forward,72,29.9,16.1,5.3,1.9,0.7,0.3,5.4,11.8,1.4,3.8,1.9,37.52
202699,Tobias Harris,DET,Forward,73,31.6,13.7,5.9,2.2,1.0,0.8,5.3,11.0,1.2,2.0,1.2,37.46
1631106,Tari Eason,HOU,Forward,57,24.9,12.0,6.4,1.5,1.7,0.9,4.8,9.8,1.1,1.4,1.1,37.23
201572,Brook Lopez,MIL,Center,80,31.8,13.0,5.0,1.8,0.6,1.9,4.9,9.7,1.7,1.4,1.1,37.18
1631099,Keegan Murray,SAC,Forward,76,34.3,12.4,6.7,1.4,0.8,0.9,4.8,10.8,2.0,0.8,0.8,36.98
1630583,Santi Aldama,MEM,Forward-Center,65,25.5,12.5,6.4,2.9,0.8,0.4,4.8,10.0,1.8,1.0,1.1,36.95
203110,Draymond Green,GSW,Forward,68,29.2,9.0,6.1,5.6,1.5,1.0,3.2,7.5,1.2,1.5,2.6,36.63
203903,Jordan Clarkson,UTA,Guard,37,26.0,16.2,3.2,3.7,0.8,0.2,5.4,13.3,2.3,3.1,2.3,36.54
203932,Aaron Gordon,DEN,Forward,51,28.4,14.7,4.8,3.2,0.5,0.3,5.2,9.7,1.5,2.8,1.4,36.5
1629656,Quentin Grimes,PHI,Guard,75,26.8,14.6,4.3,3.0,1.0,0.3,5.1,11.0,2.2,2.2,1.9,36.5
1629655,Daniel Gafford,DAL,Forward-Center,57,21.5,12.3,6.8,1.4,0.4,1.8,5.0,7.1,0.0,2.4,1.2,36.43
1627736,Malik Beasley,DET,Guard,82,27.8,16.3,2.6,1.7,0.9,0.1,5.6,13.1,3.9,1.2,1.0,36.32
203924,Jerami Grant,POR,Forward,47,32.4,14.4,3.5,2.1,0.9,1.0,4.6,12.2,2.3,3.0,1.4,36.16
1630183,Jaden McDaniels,MIN,Forward,82,31.9,12.2,5.7,2.0,1.3,0.9,4.9,10.2,1.2,1.3,1.2,36.02
1630228,Jonathan Kuminga,GSW,Forward,47,24.3,15.3,4.6,2.2,0.8,0.4,5.5,12.1,1.0,3.3,1.5,35.55
1642264,Stephon Castle,SAS,Guard,81,26.7,14.7,3.7,4.1,0.9,0.3,5.2,12.2,1.2,3.1,2.2,35.52
1629651,Nic Claxton,BKN,Center,70,26.9,10.3,7.4,2.2,0.9,1.4,4.6,8.1,0.1,1.1,1.2,35.47
1641731,Bilal Coulibaly,WAS,Guard,59,33.0,12.3,5.0,3.4,1.3,0.7,4.5,10.6,1.1,2.3,2.1,35.27
1628398,Kyle Kuzma,MIL,Forward,65,29.8,14.8,5.7,2.3,0.6,0.3,5.7,13.0,1.5,2.0,2.2,34.99
1641739,Toumani Camara,POR,Forward,78,32.7,11.3,5.8,2.2,1.5,0.6,4.2,9.2,1.7,1.2,1.4,34.84
101108,Chris Paul,SAS,Guard,82,28.0,8.8,3.6,7.4,1.3,0.3,3.0,7.1,1.7,1.0,1.6,34.78
1631095,Jabari Smith Jr.,HOU,Forward,57,30.1,12.2,7.0,1.1,0.4,0.7,4.4,9.9,1.7,1.8,1.1,34.67
203471,Dennis Schröder,DET,Guard,75,28.1,13.1,2.6,5.4,0.9,0.2,4.5,11.0,1.7,2.4,1.9,34.35
1626156,D'Angelo Russell,BKN,Guard,58,25.5,12.6,2.8,5.1,1.0,0.4,4.3,11.0,1.9,2.1,1.9,34.32
1641726,Dereck Lively II,DAL,Center,36,23.1,8.7,7.5,2.4,0.6,1.6,3.7,5.3,0.0,1.3,1.1,34.11
1641764,Brandin Podziemski,GSW,Guard,64,26.8,11.7,5.1,3.4,1.1,0.2,4.4,9.8,1.8,1.1,1.2,33.92
1630230,Naji Marshall,DAL,Forward,69,27.8,13.2,4.8,3.0,1.0,0.2,5.2,10.3,0.9,1.9,1.6,33.59
1631166,Drew Timme,BKN,Forward,9,28.2,12.1,7.2,2.2,0.4,0.1,5.0,11.3,1.0,1.1,1.7,33.49
1628978,Donte DiVincenzo,MIN,Guard,62,25.9,11.7,3.7,3.6,1.2,0.3,4.0,9.6,2.8,0.8,1.6,33.35
1630245,Ayo Dosunmu,CHI,Guard,46,30.3,12.3,3.5,4.5,0.9,0.4,4.8,9.8,1.3,1.3,1.5,33.18
1629060,Rui Hachimura,LAL,Forward,59,31.7,13.1,5.0,1.4,0.8,0.4,5.0,9.8,1.7,1.5,0.8,33.17
202691,Klay Thompson,DAL,Guard,72,27.3,14.0,3.4,2.0,0.7,0.4,5.0,12.2,3.0,0.9,1.2,33.06
201950,Jrue Holiday,BOS,Guard,62,30.6,11.1,4.3,3.9,1.1,0.4,4.1,9.2,1.7,1.1,1.2,32.98
1631110,Jeremy Sochan,SAS,Forward,54,25.3,11.4,6.5,2.4,0.8,0.5,4.6,8.7,0.5,1.6,1.6,32.82
1642274,Yves Missi,NOP,Center,73,26.8,9.1,8.2,1.4,0.5,1.3,3.7,6.7,0.0,1.7,1.1,32.75
1641711,Gradey Dick,TOR,Guard-Forward,54,29.4,14.4,3.6,1.8,0.9,0.2,4.9,12.0,2.1,2.5,1.5,32.75
202685,Jonas Valančiūnas,SAC,Center,81,18.8,10.4,7.7,2.0,0.5,0.6,4.3,7.7,0.1,1.8,1.5,32.7
1628415,Dillon Brooks,HOU,Guard-Forward,75,31.8,14.0,3.7,1.7,0.8,0.2,5.1,11.9,2.5,1.3,1.0,32.62
1642272,Jared McCain,PHI,Guard,23,25.7,15.3,2.4,2.6,0.7,0.0,5.5,11.9,2.2,2.1,1.6,32.45
1630703,Scoot Henderson,POR,Guard,66,26.7,12.7,3.0,5.1,1.0,0.2,4.3,10.4,1.6,2.4,2.7,32.45
1641744,Zach Edey,MEM,Center,66,21.5,9.2,8.3,1.0,0.5,1.3,3.8,6.6,0.3,1.4,1.3,32.44
1627747,Caris LeVert,ATL,Guard,64,24.9,12.1,3.2,3.4,0.9,0.5,4.4,9.4,1.7,1.7,1.2,32.14
203994,Jusuf Nurkić,CHA,Center,51,20.8,8.9,7.8,2.3,0.8,0.7,3.3,6.9,0.6,1.7,1.9,31.99
1627763,Malcolm Brogdon,WAS,Guard,24,23.5,12.7,3.8,4.1,0.5,0.2,4.3,10.0,0.7,3.4,1.6,31.98
201143,Al Horford,BOS,Center-Forward,60,27.6,9.0,6.2,2.1,0.6,0.9,3.3,7.7,1.9,0.6,0.8,31.79
203991,Clint Capela,ATL,Center,55,21.4,8.9,8.5,1.1,0.6,1.0,4.0,7.1,0.0,0.9,0.9,31.73
1629684,Grant Williams,CHA,Forward,16,29.9,10.4,5.1,2.3,1.1,0.8,3.4,7.7,1.7,1.9,1.8,31.66
203114,Khris Middleton,WAS,Forward,37,22.8,11.9,3.7,4.1,0.9,0.2,4.3,9.1,1.3,1.9,1.5,31.63
1630529,Herbert Jones,NOP,Forward,20,32.4,10.3,3.9,3.3,1.9,0.5,3.8,8.6,1.1,1.7,1.8,31.58
1642276,Kel'el Ware,MIA,Center,64,22.2,9.3,7.4,0.9,0.6,1.1,4.0,7.3,0.5,0.7,0.9,31.5
1628976,Wendell Carter Jr.,ORL,Center-Forward,68,25.9,9.1,7.2,2.0,0.8,0.6,3.3,7.2,0.5,1.9,1.1,31.31
1629021,Moritz Wagner,ORL,Forward-Center,30,18.8,12.9,4.9,1.4,0.8,0.4,4.7,8.3,0.9,2.6,1.6,31.24
1641709,Ausar Thompson,DET,Guard-Forward,59,22.5,10.1,5.1,2.3,1.7,0.7,4.2,7.8,0.2,1.5,1.4,31.22
1627824,Guerschon Yabusele,PHI,Forward,70,27.1,11.0,5.6,2.1,0.8,0.3,4.0,8.0,1.5,1.4,1.2,31.17
1630208,Nick Richards,PHX,Center,57,22.0,9.3,8.2,0.9,0.2,1.0,3.6,6.1,0.0,2.1,1.4,31.04
1630590,Scotty Pippen Jr.,MEM,Guard,79,21.3,9.9,3.3,4.4,1.3,0.4,3.6,7.5,1.1,1.5,1.7,30.84
1629640,Keldon Johnson,SAS,Forward-Guard,77,23.9,12.7,4.8,1.6,0.6,0.3,4.8,10.0,1.1,1.9,1.0,30.69
1629660,Ty Jerome,CLE,Guard-Forward,70,19.9,12.5,2.5,3.4,1.1,0.0,4.6,8.8,1.6,1.8,1.3,30.54
1630544,Tre Mann,CHA,Guard,13,24.5,14.1,2.9,3.0,0.5,0.3,5.4,12.4,1.8,1.5,1.9,30.52
203915,Spencer Dinwiddie,DAL,Guard,79,27.0,11.0,2.6,4.4,0.9,0.2,3.6,8.6,1.4,2.5,1.3,30.5
1630631,Jose Alvarado,NOP,Guard,56,24.4,10.3,2.4,4.6,1.3,0.3,3.6,9.3,2.0,1.1,1.5,30.46
1626145,Tyus Jones,PHX,Guard,81,26.8,10.2,2.4,5.3,0.9,0.1,3.8,8.4,2.0,0.6,1.1,30.38
1630174,Aaron Nesmith,IND,Guard-Forward,45,24.9,12.0,4.0,1.2,0.8,0.4,4.3,8.4,1.9,1.6,0.8,30.22
203084,Harrison Barnes,SAS,Forward,82,27.2,12.3,3.8,1.7,0.5,0.2,4.2,8.3,1.9,2.0,0.6,30.18
1629022,Lonnie Walker IV,PHI,Guard-Forward,20,23.8,12.4,3.2,2.5,0.5,0.3,4.5,10.6,2.3,1.2,1.3,29.96
1629614,Andrew Nembhard,IND,Guard-Forward,65,28.9,10.0,3.3,5.0,1.2,0.2,3.8,8.3,0.8,1.7,1.7,29.77
1629048,Goga Bitadze,ORL,Center-Forward,70,20.4,7.2,6.6,2.0,0.7,1.4,3.0,4.8,0.0,1.2,1.0,29.75
1629001,De'Anthony Melton,BKN,Guard,6,20.2,10.3,3.3,2.8,1.2,0.3,3.7,9.0,2.2,0.8,1.7,29.75
1642267,Bub Carrington,WAS,Guard,82,30.0,9.8,4.2,4.4,0.7,0.3,3.7,9.1,1.7,0.8,1.7,29.69
1629652,Luguentz Dort,OKC,Guard,71,29.2,10.1,4.1,1.6,1.1,0.5,3.6,8.4,2.4,0.5,0.7,29.62
1630598,Aaron Wiggins,OKC,Guard,76,22.9,12.0,3.9,1.8,0.8,0.2,4.7,9.6,1.7,1.0,0.9,29.58
1642271,Kyle Filipowski,UTA,Center,72,21.1,9.6,6.1,1.9,0.7,0.3,3.6,7.2,1.1,1.3,1.4,29.51
1631131,Oscar Tshiebwe,UTA,Forward-Center,14,18.2,7.6,8.7,0.6,0.9,0.1,3.0,5.0,0.0,1.6,0.7,29.24
1642449,Tolu Smith,DET,Forward,1,22.4,14.0,8.0,0.0,0.0,0.0,6.0,9.0,0.0,2.0,2.0,29.2
1631107,Nikola Jović,MIA,Forward,46,25.1,10.7,3.9,2.8,0.8,0.3,3.7,8.2,1.7,1.6,1.3,29.16
1630165,Killian Hayes,BKN,Guard,6,27.1,9.0,3.0,5.2,0.7,0.7,3.0,7.2,1.3,1.7,1.5,29.11
1630600,Isaiah Mobley,PHI,Forward,1,17.4,6.0,4.0,5.0,1.0,1.0,2.0,7.0,1.0,1.0,0.0,29.1
1642258,Zaccharie Risacher,ATL,Forward,75,24.6,12.6,3.6,1.2,0.7,0.5,4.8,10.4,1.6,1.4,1.2,29.02
1626220,Royce O'Neale,PHX,Forward,75,24.5,9.1,4.7,2.2,0.9,0.4,3.2,7.6,2.4,0.3,0.9,28.88
1630542,Marcus Bagley,PHI,Forward,10,25.3,6.7,7.0,1.0,0.9,1.2,2.7,6.9,0.5,0.8,0.7,28.57
1630551,Justin Champagnie,WAS,Guard-Forward,62,21.6,8.8,5.7,1.0,1.0,0.6,3.4,6.6,1.2,0.8,0.9,28.55
1642270,Donovan Clingan,POR,Center,67,19.8,6.5,7.9,1.1,0.5,1.6,2.7,5.0,0.2,0.9,1.1,28.55
1630533,Ziaire Williams,BKN,Forward,63,24.5,10.0,4.6,1.3,1.0,0.4,3.4,8.3,1.6,1.6,1.1,28.18
1629622,Max Strus,CLE,Guard-Forward,50,25.5,9.4,4.3,3.2,0.5,0.2,3.3,7.5,2.3,0.6,1.1,28.1
1630553,Keon Johnson,BKN,Guard,79,24.4,10.6,3.8,2.2,1.0,0.4,3.8,9.9,1.6,1.4,1.5,27.97
1628960,Grayson Allen,PHX,Guard,64,24.1,10.6,3.0,2.1,0.8,0.3,3.4,7.6,2.3,1.5,1.2,27.85
1629645,Kevin Porter Jr.,MIL,Guard-Forward,75,19.8,10.3,3.7,3.4,1.1,0.2,3.9,8.7,0.7,1.7,1.8,27.81
1630527,Brandon Boston,NOP,Guard,42,23.6,10.7,3.2,2.2,1.3,0.2,4.0,9.1,1.2,1.6,1.2,27.68
1642273,Kyshawn George,WAS,Forward,68,26.5,8.7,4.2,2.5,1.0,0.7,3.0,8.0,1.7,1.0,1.4,27.66
1642268,Isaiah Collier,UTA,Guard,71,25.9,8.7,3.3,6.3,0.9,0.2,3.3,7.8,0.6,1.5,2.9,27.65
1627741,Buddy Hield,GSW,Guard,82,22.7,11.1,3.2,1.6,0.8,0.3,4.0,9.6,2.5,0.6,1.1,27.63
1630534,Ochai Agbaji,TOR,Guard,64,27.2,10.4,3.8,1.5,0.9,0.5,4.2,8.3,1.6,0.5,0.8,27.59
1629680,Matisse Thybulle,POR,Guard-Forward,15,20.8,7.5,3.5,1.9,2.2,0.6,2.8,5.9,1.4,0.5,0.9,27.57
1630549,Day'Ron Sharpe,BKN,Center,50,18.1,7.9,6.6,1.8,0.8,0.8,3.3,6.3,0.2,1.1,1.3,27.49
1641717,Cason Wallace,OKC,Guard,68,27.6,8.4,3.4,2.5,1.8,0.5,3.4,7.2,1.1,0.4,0.9,27.36
203992,Bogdan Bogdanović,LAC,Guard,54,25.0,10.8,2.9,2.7,0.8,0.2,3.9,9.1,1.9,1.1,1.4,27.22
201144,Mike Conley,MIN,Guard,71,24.7,8.2,2.6,4.5,1.1,0.2,2.6,6.6,1.8,1.1,1.1,27.19
1630167,Obi Toppin,IND,Forward,79,19.6,10.5,4.0,1.6,0.6,0.4,4.0,7.6,1.4,1.1,0.9,27.12
203083,Andre Drummond,PHI,Center,40,18.8,7.3,7.8,0.9,1.0,0.5,2.9,5.9,0.1,1.4,1.4,27.01
1630577,Julian Champagnie,SAS,Forward,82,23.6,9.9,3.9,1.4,0.7,0.4,3.4,8.1,2.2,1.0,0.9,26.98
1631232,Keion Brooks Jr.,NOP,Forward,14,23.7,10.1,4.1,0.9,0.7,0.7,3.8,7.8,1.0,1.6,0.9,26.83
1630540,Miles McBride,NYK,Guard,64,24.9,9.5,2.5,2.9,1.0,0.3,3.5,8.5,1.8,0.8,0.6,26.8
1628366,Lonzo Ball,CHI,Guard,35,22.2,7.6,3.4,3.3,1.3,0.5,2.5,6.9,1.9,0.6,1.2,26.77
1626179,Terry Rozier,MIA,Guard,64,25.9,10.6,3.7,2.6,0.6,0.2,3.9,9.9,1.4,1.4,1.2,26.77
203482,Kelly Olynyk,NOP,Forward-Center,44,20.2,8.7,4.7,2.9,0.8,0.4,3.0,6.1,0.8,1.9,1.7,26.77
1628449,Chris Boucher,TOR,Forward,50,17.2,10.0,4.5,0.7,0.5,0.5,3.6,7.4,1.4,1.4,0.6,26.67
1629018,Gary Trent Jr.,MIL,Guard,74,25.6,11.1,2.3,1.2,1.0,0.1,3.8,8.9,2.4,1.1,0.6,26.67
1628989,Kevin Huerter,CHI,Guard-Forward,69,24.3,9.9,3.0,2.3,1.0,0.3,3.7,8.8,1.9,0.5,1.0,26.49
1630557,Corey Kispert,WAS,Forward,61,26.3,11.6,3.0,1.7,0.4,0.2,4.2,9.3,2.0,1.2,1.0,26.49
1642348,Justin Edwards,PHI,Forward,44,26.2,10.1,3.4,1.6,1.0,0.4,3.9,8.6,1.6,0.7,1.1,26.4
1641787,Tosan Evbuomwan,BKN,Forward,28,23.7,9.5,4.3,2.0,0.9,0.4,3.4,7.9,0.9,2.0,1.4,26.37
1626204,Larry Nance Jr.,ATL,Forward-Center,24,19.3,8.5,4.3,1.6,0.8,0.5,3.3,6.5,1.4,0.4,0.7,26.34
1631119,Jaylin Williams,OKC,Forward,47,16.7,5.9,5.6,2.6,0.5,0.6,2.1,4.7,1.3,0.5,0.7,26.31
1641710,Anthony Black,ORL,Guard,78,24.2,9.4,2.9,3.1,1.1,0.6,3.4,7.9,0.8,1.9,1.8,26.22
1631165,Keon Ellis,SAC,Guard,80,24.4,8.3,2.7,1.5,1.5,0.8,2.8,5.8,1.7,0.9,0.9,26.09
1629130,Duncan Robinson,MIA,Forward,74,24.1,11.0,2.3,2.4,0.5,0.1,3.9,9.0,2.6,0.6,1.2,25.95
1629638,Nickeil Alexander-Walker,MIN,Guard,82,25.3,9.4,3.2,2.7,0.6,0.4,3.3,7.5,1.7,1.1,1.2,25.84
203501,Tim Hardaway Jr.,DET,Guard-Forward,77,28.0,11.0,2.4,1.6,0.5,0.1,3.6,8.8,2.2,1.6,0.6,25.74
1631108,Max Christie,DAL,Guard,78,27.3,9.6,3.3,1.9,0.8,0.4,3.2,7.6,1.5,1.7,1.1,25.73
1630188,Jalen Smith,CHI,Forward-Center,64,15.0,8.2,5.6,1.0,0.3,0.7,3.0,6.4,1.1,1.1,0.6,25.69
1642377,Jaylen Wells,MEM,Forward,79,25.9,10.4,3.4,1.7,0.6,0.1,3.6,8.6,1.7,1.4,0.9,25.57
1630198,Isaiah Joe,OKC,Guard,74,21.7,10.2,2.6,1.6,0.6,0.1,3.5,7.9,2.6,0.6,0.5,25.57
1627827,Dorian Finney-Smith,LAL,Forward,63,28.9,8.7,3.9,1.4,0.9,0.4,3.1,6.9,2.0,0.5,0.9,25.42
1630543,Isaiah Jackson,IND,Forward,5,16.8,7.0,5.6,1.0,0.6,1.6,2.8,4.6,0.0,1.4,1.0,25.28
1630172,Patrick Williams,CHI,Forward,63,25.0,9.0,3.8,2.0,0.8,0.5,3.3,8.2,1.5,1.0,1.4,25.28
204456,T.J. McConnell,IND,Guard,79,17.9,9.1,2.4,4.4,1.1,0.3,4.1,7.9,0.2,0.7,1.4,25.21
1627936,Alex Caruso,OKC,Guard,54,19.3,7.1,2.9,2.5,1.6,0.6,2.6,5.8,1.1,0.8,0.7,25.19
1628379,Luke Kennard,MEM,Guard,65,22.6,8.9,2.8,3.3,0.8,0.1,3.2,6.6,1.7,0.8,1.1,25.18
1631170,Jaime Jaquez Jr.,MIA,Guard,66,20.7,8.6,4.4,2.5,0.9,0.2,3.2,7.0,0.6,1.6,1.5,25.17
1630570,Trendon Watford,BKN,Guard-Forward,44,20.7,10.2,3.6,2.6,0.6,0.3,3.7,8.0,0.7,2.1,1.9,25.12
1641722,Jordan Hawkins,NOP,Guard,56,23.6,10.8,2.8,1.2,0.5,0.4,3.7,9.9,2.0,1.4,1.0,25.12
1641729,Brice Sensabaugh,UTA,Forward,71,20.2,10.9,3.0,1.5,0.6,0.1,3.9,8.4,2.2,0.9,1.5,25.02
1630175,Cole Anthony,MEM,Guard,67,18.4,9.4,3.0,2.9,0.7,0.5,3.4,8.1,1.1,1.4,1.5,24.98
1631212,Peyton Watson,DEN,Guard,68,24.3,8.1,3.4,1.4,0.7,1.4,3.0,6.3,0.7,1.4,0.8,24.94
1629057,Robert Williams III,POR,Center-Forward,20,17.6,5.8,5.9,1.1,0.7,1.7,2.5,3.9,0.1,0.8,0.9,24.87
1627884,Derrick Jones Jr.,LAC,Forward,77,24.3,10.1,3.4,0.8,1.0,0.4,4.0,7.6,1.0,1.1,0.9,24.83
1630541,Moses Moody,GSW,Guard,74,22.3,9.8,2.6,1.3,0.8,0.4,3.3,7.7,1.7,1.4,0.7,24.76
203935,Marcus Smart,WAS,Guard,34,20.0,9.0,2.1,3.2,1.1,0.3,3.0,7.6,1.4,1.6,1.6,24.63
1630558,Davion Mitchell,MIA,Guard,74,27.4,7.9,2.3,4.9,1.0,0.2,3.0,6.4,1.1,0.8,1.7,24.57
1629634,Brandon Clarke,MEM,Forward,64,18.9,8.3,5.1,1.0,0.8,0.6,3.7,5.9,0.0,1.0,0.6,24.5
1631255,Karlo Matković,NOP,Forward-Center,42,18.8,7.7,5.0,1.1,0.5,1.0,3.2,5.6,0.5,0.8,1.0,24.44
1641730,Noah Clowney,BKN,Forward-Center,46,22.7,9.1,3.9,0.9,0.5,0.5,2.9,8.1,1.9,1.5,1.0,24.38
203484,Kentavious Caldwell-Pope,MEM,Guard,77,29.6,8.7,2.2,1.8,1.3,0.4,3.1,7.1,1.5,1.1,0.8,24.38
1627752,Taurean Prince,MIL,Forward,80,27.1,8.2,3.6,1.9,1.0,0.2,2.9,6.4,1.8,0.5,1.0,24.36
1626158,Richaun Holmes,WAS,Forward,31,17.2,7.4,5.7,1.4,0.3,0.7,2.9,4.5,0.0,1.6,0.7,24.33
1627777,Georges Niang,ATL,Forward,79,21.5,9.9,3.4,1.4,0.4,0.2,3.6,7.8,2.1,0.6,1.0,24.33
1628997,Caleb Martin,DAL,Forward,45,27.1,7.9,3.9,2.1,1.0,0.5,2.9,6.8,0.8,1.4,1.2,24.31
1641707,Taylor Hendricks,UTA,Forward,3,24.8,4.7,5.0,0.7,1.7,1.3,1.3,6.0,1.0,1.0,0.7,24.3
1627739,Kris Dunn,LAC,Guard,74,24.1,6.4,3.4,2.8,1.7,0.4,2.6,5.9,1.0,0.2,1.0,24.12
1630191,Isaiah Stewart,DET,Forward-Center,72,19.9,6.0,5.5,1.7,0.4,1.4,2.4,4.4,0.2,0.9,0.9,23.88
1630592,Jalen Wilson,BKN,Forward,79,25.7,9.5,3.4,1.8,0.5,0.1,3.1,7.8,1.5,1.7,1.0,23.84
1631213,Tyrese Martin,BKN,Forward,60,21.9,8.7,3.7,2.0,0.6,0.2,3.2,7.8,1.7,0.8,1.2,23.82
1641774,Tristan Vukcevic,WAS,Forward,35,14.6,9.4,3.7,1.1,0.3,0.7,3.4,6.9,1.1,1.5,1.2,23.73
1630639,A.J. Lawson,TOR,Guard,26,18.7,9.1,3.3,1.2,0.5,0.2,3.1,7.3,1.3,1.7,0.6,23.57
1629643,Chuma Okeke,CLE,Forward,9,21.9,5.9,5.2,1.7,0.6,0.4,2.2,4.4,1.2,0.2,0.3,23.55
1628998,Cody Martin,PHX,Forward,53,22.1,6.8,4.2,2.0,1.1,0.6,2.6,6.1,0.8,0.8,1.0,23.48
1629011,Mitchell Robinson,NYK,Center-Forward,17,17.1,5.1,5.9,0.8,0.9,1.1,2.2,3.3,0.0,0.8,0.6,23.47
1630215,Jared Butler,PHI,Guard,60,17.4,9.0,1.8,3.7,0.7,0.2,3.4,7.6,1.0,1.3,1.3,23.31
1641824,Matas Buzelis,CHI,Forward,80,18.9,8.6,3.5,1.0,0.4,0.9,3.2,6.9,1.2,1.1,0.9,23.31
1628436,Luke Kornet,BOS,Center-Forward,73,18.6,6.0,5.3,1.6,0.5,1.0,2.6,3.8,0.0,0.9,0.4,23.3
1628971,Bruce Brown,NOP,Guard-Forward,41,22.5,8.3,4.0,2.0,0.8,0.2,3.2,7.5,0.7,1.3,1.0,23.2
1627732,Ben Simmons,LAC,Guard-Forward,51,22.0,5.0,4.7,5.6,0.7,0.5,2.3,4.4,0.0,0.5,2.0,23.12
1642367,Jonathan Mogbo,TOR,Forward,63,20.4,6.2,4.9,2.3,0.9,0.5,2.5,5.7,0.3,1.0,1.1,23.11
1630573,Sam Hauser,BOS,Forward,71,21.7,8.5,3.2,0.9,0.6,0.2,3.0,6.7,2.3,0.2,0.3,23.06
1630173,Precious Achiuwa,NYK,Forward,57,20.5,6.6,5.6,1.0,0.8,0.7,2.9,5.7,0.2,0.7,0.8,23.05
1630200,Tre Jones,CHI,Guard,46,19.7,7.2,2.5,4.2,0.8,0.2,2.8,5.2,0.4,1.2,0.8,22.97
1642266,Ja'Kobe Walter,TOR,Guard,52,21.2,8.6,3.1,1.6,0.8,0.2,3.1,7.6,1.3,1.3,1.0,22.77
1641715,Cam Whitmore,HOU,Forward,51,16.2,9.4,3.0,1.0,0.6,0.3,3.5,7.9,1.3,1.1,0.9,22.66
1631222,Jake LaRavia,SAC,Forward,66,20.4,6.9,3.9,2.4,0.9,0.3,2.4,5.1,0.9,1.2,1.3,22.61
1630249,Vít Krejčí,ATL,Guard,57,20.2,7.2,2.7,2.6,0.6,0.5,2.5,5.1,1.6,0.6,0.9,22.51
1629637,Jaxson Hayes,LAL,Center-Forward,56,19.5,6.8,4.8,1.0,0.6,0.9,2.9,4.0,0.0,1.1,0.8,22.27
1629052,Oshae Brissett,PHI,Forward-Guard,6,23.7,8.7,3.7,0.7,0.7,0.5,3.2,6.5,1.0,1.3,1.3,22.15
1629599,Amir Coffey,LAC,Guard-Forward,72,24.3,9.7,2.2,1.1,0.6,0.1,3.3,7.1,1.4,1.6,0.6,22.13
1630548,Johnny Juzang,UTA,Guard,64,19.8,8.9,2.9,1.1,0.6,0.1,3.2,7.4,1.8,0.7,0.6,22.12
1642366,Quinten Post,GSW,Center,42,16.3,8.1,3.5,1.3,0.4,0.4,2.9,6.5,1.7,0.5,0.8,22.0
1642354,KJ Simpson,CHA,Guard,36,23.4,7.8,3.0,3.1,0.9,0.2,2.9,8.4,0.9,1.1,1.6,21.97
1631243,Mouhamed Gueye,ATL,Forward,33,16.1,6.0,4.2,0.8,0.8,1.0,2.2,5.2,0.6,1.0,0.5,21.96
1631115,Orlando Robinson,TOR,Center,44,17.5,6.9,5.0,1.8,0.4,0.4,2.6,5.9,0.4,1.2,1.1,21.95
1631218,Trayce Jackson-Davis,GSW,Forward,62,15.6,6.6,5.0,1.7,0.4,0.6,2.8,4.9,0.0,1.0,0.7,21.9
1631217,Moussa Diabaté,CHA,Forward,71,17.5,5.7,6.2,0.8,0.6,0.6,2.4,3.9,0.0,1.0,0.9,21.81
1641733,Nick Smith Jr.,CHA,Guard,60,22.8,9.9,2.1,2.4,0.3,0.1,3.7,9.5,1.7,0.7,1.4,21.78
1631197,Jared Rhoden,TOR,Guard,14,16.2,8.4,3.0,1.1,0.7,0.1,3.0,6.2,0.9,1.6,0.6,21.75
203957,Danté Exum,DAL,Guard,20,18.6,8.7,1.7,2.8,0.6,0.2,3.2,6.7,1.2,1.2,1.1,21.66
1642368,N'Faly Dante,HOU,Center,4,12.7,6.0,5.3,0.5,0.3,1.3,2.5,3.3,0.0,1.0,0.5,21.59
1626168,Trey Lyles,SAC,Forward,69,19.6,6.5,4.6,1.2,0.6,0.3,2.3,5.4,1.2,0.8,0.6,21.53
1641878,Damion Baugh,CHA,Guard,15,24.7,7.3,3.3,3.7,1.0,0.1,2.8,8.7,0.8,0.9,2.1,21.51
1628380,Zach Collins,CHI,Forward-Center,64,15.3,6.4,4.5,1.7,0.5,0.5,2.4,4.7,0.5,1.1,0.9,21.38
1628371,Jonathan Isaac,ORL,Forward,71,15.4,5.4,4.4,0.6,0.9,1.1,1.9,4.6,0.5,1.0,0.5,21.34
1630625,Dalano Banton,POR,Forward,67,16.7,8.3,2.0,2.4,0.6,0.5,3.0,7.6,1.1,1.4,1.3,21.33
1629004,Svi Mykhailiuk,UTA,Guard-Forward,38,20.0,8.8,2.4,2.0,0.5,0.2,3.1,7.9,1.8,0.7,1.4,21.22
1629312,Haywood Highsmith,MIA,Forward,74,24.6,6.5,3.4,1.5,0.9,0.5,2.4,5.3,1.2,0.4,0.7,21.14
1629006,Josh Okogie,CHA,Guard,40,15.6,7.1,2.8,0.8,1.2,0.5,2.4,5.3,0.8,1.6,0.8,21.13
203901,Elfrid Payton,NOP,Guard,24,21.3,3.5,3.3,6.9,1.0,0.5,1.7,5.1,0.0,0.2,2.5,21.06
1629611,Terance Mann,ATL,Guard-Forward,67,21.1,7.7,3.0,1.8,0.7,0.2,3.1,6.2,0.9,0.7,0.7,20.91
1631124,Julian Strawther,DEN,Guard,65,21.3,9.0,2.2,1.3,0.6,0.2,3.2,7.5,1.4,1.1,0.9,20.9
1642261,Dalton Knecht,LAL,Forward,78,19.2,9.1,2.8,0.8,0.3,0.1,3.3,7.1,1.6,0.8,0.5,20.83
1630182,Josh Green,CHA,Guard,68,27.8,7.4,2.5,1.6,1.1,0.2,2.6,6.2,1.4,0.7,1.0,20.81
1626172,Kevon Looney,GSW,Forward,76,15.0,4.5,6.1,1.6,0.6,0.5,1.9,3.7,0.0,0.7,0.5,20.66
202687,Bismack Biyombo,SAS,Center,28,18.8,5.1,5.6,1.1,0.6,0.8,2.4,4.1,0.0,0.4,1.0,20.63
203486,Mason Plumlee,PHX,Forward-Center,74,17.6,4.5,6.1,1.8,0.4,0.6,1.7,2.7,0.0,1.1,0.8,20.61
1630696,Dru Smith,MIA,Guard,14,19.2,6.2,2.6,1.6,1.5,0.4,2.2,4.4,1.1,0.6,1.2,20.52
203937,Kyle Anderson,MIA,Forward-Guard,61,16.4,5.9,3.4,2.4,0.7,0.5,2.3,5.0,0.4,0.8,0.6,20.45
1630526,Jeremiah Robinson-Earl,NOP,Forward,66,18.8,6.3,4.8,1.3,0.6,0.1,2.4,5.3,0.8,0.7,0.8,20.44
1642346,Ryan Dunn,PHX,Forward,74,19.1,6.9,3.6,0.8,0.6,0.5,2.8,6.4,1.1,0.3,0.5,20.37
1630314,Brandon Williams,DAL,Guard,33,14.8,8.3,1.8,2.3,0.7,0.2,3.0,5.7,0.7,1.7,1.2,20.31
1629669,Jaylen Nowell,WAS,Guard,8,21.0,8.4,2.5,2.3,0.1,0.5,3.3,9.1,1.0,0.9,1.0,20.28
1629731,Dean Wade,CLE,Forward-Center,59,21.2,5.4,4.2,1.3,0.7,0.3,1.9,4.6,1.4,0.3,0.4,20.26
1631260,AJ Green,MIL,Guard,73,22.7,7.4,2.4,1.5,0.5,0.1,2.5,5.8,2.1,0.3,0.5,20.14
1642347,Jamal Shead,TOR,Guard,75,19.6,7.1,1.5,4.2,0.8,0.1,2.7,6.7,1.0,0.7,1.6,20.11
1630241,Sam Merrill,CLE,Guard,71,19.7,7.2,2.2,1.5,0.7,0.2,2.4,6.0,1.9,0.4,0.5,20.1
1629726,Garrison Mathews,ATL,Guard,47,17.6,7.5,1.9,1.3,0.6,0.3,2.2,5.5,1.8,1.4,0.7,20.05
1630692,Jordan Goodwin,LAL,Guard,29,18.7,5.6,3.9,1.4,1.0,0.4,2.2,5.0,0.9,0.3,0.9,19.7
1630585,Marcus Garrett,CHA,Guard,4,19.8,7.0,1.5,3.3,0.8,0.5,2.8,6.8,0.8,0.8,1.5,19.69
1631246,Vince Williams Jr.,MEM,Guard,27,18.5,6.6,3.6,2.0,0.4,0.3,2.5,6.2,1.0,0.7,1.2,19.54
202692,Alec Burks,MIA,Guard,49,17.6,7.3,2.5,1.1,0.6,0.1,2.3,5.5,1.8,0.8,0.6,19.5
1628418,Thomas Bryant,IND,Center-Forward,66,14.6,6.5,3.8,0.8,0.4,0.6,2.5,4.9,0.7,0.8,0.5,19.48
1642275,Tidjane Salaün,CHA,Forward,60,20.7,5.9,4.7,1.2,0.5,0.2,1.9,5.8,1.0,1.1,1.0,19.44
1641783,Tristan da Silva,ORL,Forward,74,22.0,7.2,3.3,1.5,0.4,0.2,2.7,6.5,1.1,0.7,0.8,19.4
1641772,Nae'Qwan Tomlin,CLE,Forward,5,12.7,7.2,4.2,0.4,0.0,0.2,2.6,6.4,0.4,1.6,0.4,19.32
1641737,Adem Bona,PHI,Forward,58,15.6,5.8,4.2,0.5,0.4,1.2,2.3,3.3,0.0,1.2,1.1,19.23
1631221,Collin Gillespie,PHX,Guard,33,14.0,5.9,2.4,2.4,0.6,0.2,2.1,4.8,1.2,0.6,0.5,19.12
1629610,DaQuan Jeffries,CHA,Guard-Forward,47,22.8,6.7,2.9,1.1,0.6,0.5,2.5,6.2,1.2,0.5,0.7,19.11
1641741,Ricky Council IV,PHI,Guard,73,17.1,7.3,2.9,1.3,0.4,0.2,2.4,6.3,0.8,1.7,0.7,19.1
1629026,Kenrich Williams,OKC,Guard-Forward,69,16.4,6.3,3.5,1.4,0.6,0.1,2.5,5.1,1.0,0.4,0.6,18.95
1631199,Ron Harper Jr.,DET,Guard-Forward,1,17.0,4.0,7.0,2.0,0.0,0.0,1.0,8.0,0.0,2.0,0.0,18.9
1626166,Cameron Payne,NYK,Guard,72,15.1,6.9,1.4,2.8,0.5,0.2,2.5,6.2,1.3,0.7,0.7,18.81
1627780,Gary Payton II,GSW,Guard,62,15.0,6.5,3.0,1.3,0.8,0.3,2.8,4.8,0.5,0.4,0.6,18.59
1630643,Jay Huff,MEM,Center,64,11.7,6.9,2.0,0.6,0.3,0.9,2.5,4.8,1.3,0.7,0.5,18.49
1642419,Jamison Battle,TOR,Forward,59,17.7,7.1,2.7,0.9,0.3,0.2,2.5,5.9,1.8,0.3,0.5,18.47
1629626,Bol Bol,PHX,Center-Forward,36,12.5,6.8,2.9,0.6,0.3,0.7,2.7,5.1,0.9,0.6,0.6,18.44
1641716,Jarace Walker,IND,Forward,75,15.8,6.1,3.1,1.5,0.7,0.3,2.3,4.8,1.0,0.6,1.0,18.44
1641720,Jalen Hood-Schifino,PHI,Guard,15,21.0,7.1,1.8,2.5,0.3,0.5,2.5,6.5,0.9,1.2,1.2,18.35
1630702,Jaden Hardy,DAL,Guard,57,15.9,8.7,1.6,1.4,0.5,0.1,3.2,7.3,1.3,1.1,1.4,18.34
201567,Kevin Love,MIA,Forward-Center,23,10.9,5.3,4.1,1.0,0.7,0.2,1.8,5.0,1.0,0.7,0.6,18.25
1642358,AJ Johnson,WAS,Guard,29,22.0,7.6,2.0,2.6,0.4,0.1,2.8,7.3,0.8,1.1,1.2,18.24
1629020,Jarred Vanderbilt,LAL,Forward,36,16.1,4.1,5.1,1.1,1.0,0.3,1.6,3.4,0.3,0.6,0.8,18.22
1630623,Tyson Etienne,BKN,Guard,7,21.6,7.9,1.3,1.7,0.4,0.1,2.4,7.4,1.9,1.1,1.1,18.07
1641713,GG Jackson,MEM,Forward,29,15.8,7.2,3.2,1.0,0.4,0.2,2.6,6.9,1.1,1.0,1.1,18.07
1629750,Javonte Green,CLE,Guard,68,18.5,5.1,3.2,0.8,1.0,0.5,1.8,4.2,0.7,0.8,0.5,18.01
1630288,Jeff Dowtin Jr.,PHI,Guard,41,15.1,7.0,1.5,1.9,0.6,0.3,2.7,5.6,0.7,0.8,0.4,17.98
1630572,Sandro Mamukelashvili,SAS,Forward-Center,61,11.2,6.3,3.1,0.8,0.4,0.3,2.3,4.6,1.0,0.7,0.4,17.98
201569,Eric Gordon,PHI,Guard,39,19.7,6.8,1.2,1.7,0.7,0.3,2.2,5.2,1.4,0.9,0.7,17.96
1631157,Ryan Rollins,MIL,Guard,56,14.6,6.2,1.9,1.9,0.8,0.3,2.4,4.8,0.9,0.6,0.9,17.82
1630811,Keaton Wallace,ATL,Guard,31,16.2,5.4,1.6,2.6,0.9,0.3,2.1,5.2,0.9,0.4,1.1,17.64
1630171,Isaac Okoro,CLE,Forward-Guard,55,19.1,6.1,2.4,1.2,0.6,0.3,2.3,4.9,1.0,0.6,0.4,17.52
1628964,Mo Bamba,NOP,Center,32,12.9,4.3,4.5,0.6,0.3,1.0,1.6,3.5,0.5,0.6,0.6,17.45
1628464,Daniel Theis,NOP,Forward-Center,38,16.3,4.3,4.3,1.6,0.5,0.5,1.6,3.4,0.2,0.8,0.7,17.42
203500,Steven Adams,HOU,Center,58,13.7,3.9,5.6,1.1,0.4,0.5,1.6,2.9,0.0,0.7,0.9,17.41
1642024,Alex Reese,PHI,Forward-Center,15,14.4,5.1,3.1,0.3,0.7,0.7,1.7,3.6,1.0,0.6,0.4,17.38
1630231,KJ Martin,UTA,Forward,43,21.2,6.4,2.9,1.1,0.4,0.5,2.6,4.7,0.3,0.9,0.6,17.36
203995,Vasilije Micic,PHX,Guard,41,19.1,6.6,2.2,3.1,0.4,0.0,2.3,6.7,1.1,0.8,1.9,17.04
1641767,Ben Sheppard,IND,Guard,63,19.5,5.3,2.8,1.3,0.6,0.2,1.9,4.6,1.1,0.4,0.3,16.98
1642349,Ajay Mitchell,OKC,Guard,36,16.6,6.5,1.9,1.8,0.7,0.1,2.5,5.1,0.6,0.8,0.8,16.94
1631204,Marcus Sasser,DET,Guard,57,14.2,6.6,1.2,2.3,0.6,0.1,2.4,5.2,1.0,0.8,0.9,16.89
1631301,Jaylen Sims,CHA,Guard,6,18.6,7.0,1.0,2.0,0.5,0.2,2.0,4.7,1.0,2.0,1.3,16.71
1629216,Gabe Vincent,LAL,Guard,72,21.2,6.4,1.3,1.4,0.7,0.2,2.3,5.8,1.5,0.2,0.6,16.59
1630658,Colin Castleton,TOR,Center,26,16.6,4.7,4.7,1.1,0.3,0.4,1.8,3.8,0.1,1.1,0.9,16.49
1631245,Quenton Jackson,IND,Guard,28,13.6,5.8,1.6,1.9,0.8,0.2,2.1,4.4,0.5,1.1,0.6,16.47
200768,Kyle Lowry,PHI,Guard,35,18.8,3.9,1.9,2.7,0.9,0.3,1.2,3.3,0.8,0.8,0.6,16.44
1629646,Charles Bassey,SAS,Center-Forward,36,10.4,4.4,4.2,0.5,0.4,0.8,1.9,3.3,0.0,0.6,0.6,16.41
1641842,Ronald Holland II,DET,Forward,81,15.6,6.4,2.7,1.0,0.6,0.2,2.4,5.1,0.4,1.1,0.9,16.28
1631323,Simone Fontecchio,DET,Forward,75,16.5,5.9,2.9,0.9,0.4,0.2,2.0,5.0,1.0,0.9,0.7,16.25
201599,DeAndre Jordan,DEN,Center,56,12.3,3.7,5.1,0.9,0.3,0.5,1.6,2.5,0.0,0.5,0.7,16.05
1629674,Neemias Queta,BOS,Center,62,13.9,5.0,3.8,0.7,0.3,0.7,2.1,3.3,0.0,0.7,0.6,15.99
1630695,Micah Potter,UTA,Center,38,18.6,4.3,4.3,0.8,0.4,0.4,1.5,3.6,0.8,0.4,0.8,15.93
201587,Nicolas Batum,LAC,Guard-Forward,78,17.5,4.0,2.8,1.1,0.7,0.5,1.3,3.1,1.1,0.2,0.4,15.93
1629659,Talen Horton-Tucker,CHI,Guard,58,12.5,6.5,1.7,1.4,0.4,0.2,2.3,5.0,0.7,1.2,0.7,15.8
1630538,Bones Hyland,MIN,Guard,24,9.9,6.2,1.0,1.3,0.8,0.2,2.0,4.9,1.3,1.0,1.0,15.77
1631133,Jabari Walker,POR,Forward,60,12.5,5.2,3.5,0.6,0.6,0.1,2.0,3.8,0.5,0.8,0.6,15.71
1626192,Pat Connaughton,MIL,Guard,41,14.7,5.3,2.7,1.7,0.2,0.3,2.0,4.3,0.6,0.6,0.6,15.62
1641810,Antonio Reeves,NOP,Guard,44,15.0,6.9,1.4,0.9,0.5,0.1,2.6,5.6,1.2,0.6,0.7,15.58
1631306,Cole Swider,IND,Forward,10,17.0,5.9,2.7,0.3,0.4,0.2,2.2,6.3,1.5,0.0,0.4,15.54
203552,Seth Curry,CHA,Guard,68,15.6,6.5,1.7,0.9,0.4,0.1,2.4,5.0,1.2,0.5,0.5,15.45
1629650,Moses Brown,DAL,Center,13,9.1,5.8,3.4,0.2,0.5,0.3,2.6,3.8,0.0,0.6,0.8,15.42
1630556,Kessler Edwards,DAL,Forward,40,15.2,4.2,2.9,1.1,0.5,0.5,1.7,3.4,0.6,0.3,0.4,15.31
1630194,Paul Reed,DET,Forward,45,9.7,4.1,2.7,1.0,0.9,0.6,1.6,3.2,0.2,0.7,0.6,15.31
1642345,Oso Ighodaro,PHX,Forward,61,17.1,4.2,3.6,1.2,0.5,0.5,1.9,3.1,0.0,0.5,0.6,15.28
1630539,Kai Jones,DAL,Center-Forward,40,11.7,5.0,3.1,0.6,0.4,0.6,2.2,2.7,0.0,0.6,0.5,15.25
1631311,Lester Quinones,NOP,Guard,13,14.1,6.6,1.5,1.8,0.2,0.2,2.4,6.0,1.0,0.8,1.1,15.1
1630243,Trevelin Queen,ORL,Guard,31,13.9,4.9,1.7,1.2,1.0,0.3,1.8,4.7,0.7,0.6,0.7,14.96
1629234,Drew Eubanks,LAC,Forward-Center,61,12.2,4.6,3.7,0.9,0.2,0.6,1.9,3.2,0.0,0.8,0.7,14.91
1629003,Shake Milton,LAL,Guard,57,14.7,5.5,1.8,1.8,0.4,0.1,2.0,4.5,0.7,0.8,0.7,14.78
1631209,Isaiah Wong,CHA,Guard,20,13.3,6.0,1.6,1.4,0.6,0.0,2.1,5.3,0.7,1.3,0.9,14.69
1630322,Lindy Waters III,DET,Forward,52,15.0,4.9,2.1,1.0,0.5,0.2,1.8,4.8,1.2,0.2,0.4,14.49
1631342,Daeqwon Plowden,ATL,Guard-Forward,6,11.9,7.2,1.8,0.3,0.0,0.0,2.7,4.2,1.5,0.3,0.7,14.46
1629111,Jock Landale,HOU,Center,42,11.9,4.8,3.3,0.9,0.3,0.2,1.9,3.6,0.3,0.6,0.5,14.41
1631288,Jamal Cain,NOP,Forward,37,13.6,5.3,2.3,0.6,0.6,0.2,1.8,4.3,0.7,0.9,0.6,14.39
1628470,Torrey Craig,BOS,Forward,26,12.1,4.2,2.8,0.7,0.3,0.5,1.5,3.5,0.9,0.3,0.3,14.3
1641723,Kobe Bufkin,ATL,Guard,10,12.4,5.3,2.1,1.7,0.3,0.2,1.8,4.7,0.4,1.3,0.8,14.26
1630611,Gui Santos,GSW,Forward,56,13.6,4.1,3.1,1.4,0.4,0.2,1.5,3.2,0.6,0.5,0.8,14.01
1628988,Aaron Holiday,HOU,Guard,62,12.8,5.5,1.3,1.3,0.3,0.2,1.9,4.3,1.2,0.5,0.6,13.94
1631223,David Roddy,HOU,Forward,33,12.4,4.6,2.5,1.1,0.4,0.3,1.7,3.8,0.6,0.6,0.7,13.79
1628420,Monté Morris,PHX,Guard,45,12.7,5.2,1.5,1.6,0.4,0.1,1.8,4.3,0.7,0.8,0.5,13.74
1641798,Jaylen Martin,WAS,Guard,16,14.9,4.9,2.8,1.1,0.6,0.0,1.9,4.6,0.4,0.6,0.8,13.73
1642262,Cody Williams,UTA,Forward,50,21.2,4.6,2.3,1.2,0.5,0.3,1.7,5.1,0.7,0.6,0.9,13.58
1641727,Dariq Whitehead,BKN,Guard-Forward,20,12.3,5.7,1.5,0.6,0.3,0.1,2.0,4.8,1.7,0.2,0.8,13.49
1642263,Reed Sheppard,HOU,Guard,52,12.6,4.4,1.5,1.4,0.7,0.3,1.6,4.6,0.9,0.3,0.7,13.48
1641732,Colby Jones,WAS,Guard,39,13.2,4.0,2.2,1.1,0.7,0.3,1.5,3.3,0.4,0.6,0.6,13.48
1641763,Julian Phillips,CHI,Forward,79,14.2,4.6,2.1,0.5,0.5,0.3,1.6,3.6,0.6,0.8,0.3,13.33
1628396,Tony Bradley,IND,Center-Forward,14,8.1,4.4,3.0,0.4,0.1,0.6,2.1,3.2,0.1,0.1,0.4,13.3
1629618,Jalen Pickett,DEN,Guard,49,13.6,4.1,1.4,2.2,0.4,0.1,1.6,3.7,0.8,0.1,0.5,13.27
1641796,Pelle Larsson,MIA,Guard,55,14.2,4.6,1.7,1.2,0.6,0.1,1.6,3.7,0.6,0.7,0.4,13.21
1631111,Wendell Moore Jr.,CHA,Guard,36,13.9,4.2,2.6,1.2,0.6,0.1,1.6,3.5,0.4,0.5,0.8,13.21
201145,Jeff Green,HOU,Forward,32,12.4,5.4,1.8,0.6,0.2,0.1,1.9,3.8,0.9,0.7,0.3,13.09
1631230,Dominick Barlow,ATL,Forward,35,10.7,4.2,2.4,0.5,0.3,0.5,1.7,3.2,0.2,0.6,0.1,13.07
1626153,Delon Wright,NYK,Guard,40,15.9,3.1,1.7,1.9,0.9,0.3,1.1,3.3,0.5,0.4,0.6,13.04
1631200,Kris Murray,POR,Forward,69,15.1,4.2,2.6,1.0,0.5,0.2,1.7,4.0,0.4,0.4,0.6,13.01
1629723,John Konchar,MEM,Guard,46,12.1,2.4,3.3,0.9,0.7,0.3,0.9,2.0,0.5,0.2,0.3,12.95
1629013,Landry Shamet,NYK,Guard,50,15.2,5.7,1.2,0.5,0.5,0.0,2.1,4.6,1.2,0.2,0.4,12.93
1631207,Dalen Terry,CHI,Forward,73,13.5,4.5,1.7,1.3,0.6,0.2,1.6,3.7,0.5,0.7,0.7,12.91
1630201,Malachi Flynn,SAS,Guard,4,10.9,4.0,1.8,1.8,0.8,0.0,1.3,3.3,0.3,1.3,1.0,12.84
1626196,Josh Richardson,MIA,Guard,8,18.7,4.0,1.5,1.5,1.0,0.1,1.4,4.8,0.8,0.5,1.0,12.84
1631386,Taze Moore,POR,Guard,2,9.9,3.0,4.0,0.5,1.0,0.0,1.0,5.0,0.5,0.5,1.0,12.75
203967,Dario Šarić,DEN,Forward-Center,16,13.1,3.5,3.1,1.4,0.4,0.1,1.3,3.6,0.4,0.4,0.9,12.65
1628963,Marvin Bagley III,MEM,Forward,31,8.6,4.4,2.7,0.4,0.3,0.3,1.8,3.4,0.1,0.7,0.4,12.51
1641989,Elijah Harkless,UTA,Guard,10,13.8,3.2,2.1,0.8,1.0,0.1,1.1,3.5,0.7,0.3,0.3,12.5
1641740,Jaylen Clark,MIN,Guard,40,13.0,4.1,1.3,0.7,0.9,0.1,1.4,3.0,0.6,0.7,0.2,12.5
1629629,Cam Reddish,LAL,Forward-Guard,33,17.9,3.2,2.0,0.7,1.0,0.3,1.2,2.8,0.4,0.5,0.4,12.49
202704,Reggie Jackson,PHI,Guard,31,12.4,4.4,1.4,1.5,0.5,0.1,1.7,4.3,0.8,0.2,0.5,12.44
1628467,Maxi Kleber,LAL,Forward,34,18.7,3.0,2.8,1.3,0.3,0.5,1.1,2.8,0.4,0.5,0.7,12.34
1642269,Devin Carter,SAC,Guard,36,11.0,3.8,2.1,1.1,0.6,0.1,1.3,3.5,0.5,0.7,0.5,12.25
1642285,Cam Spencer,MEM,Guard,25,10.1,4.2,1.2,1.4,0.4,0.0,1.4,3.3,0.8,0.8,0.2,12.14
1631248,Baylor Scheierman,BOS,Guard,31,12.4,3.6,2.1,1.1,0.5,0.1,1.3,3.5,0.8,0.3,0.4,12.1
1642382,Branden Carlson,OKC,Center,32,7.7,3.8,1.7,0.4,0.2,0.7,1.3,3.0,0.7,0.4,0.2,12.08
1641871,Duop Reath,POR,Center,46,10.2,4.2,2.0,0.6,0.3,0.3,1.5,3.6,0.7,0.4,0.3,12.03
1641765,Olivier-Maxence Prosper,DAL,Forward,52,11.2,3.9,2.4,0.8,0.5,0.1,1.3,3.3,0.2,0.9,0.3,11.99
1631172,Ousmane Dieng,OKC,Forward,37,10.9,3.8,2.2,0.8,0.5,0.2,1.5,3.4,0.6,0.3,0.5,11.97
1641748,Andre Jackson Jr.,MIL,Guard,67,14.6,3.4,2.7,1.2,0.5,0.2,1.4,2.9,0.4,0.2,0.9,11.82
1630283,Kylor Kelley,LAL,Center,11,11.5,3.1,3.5,0.5,0.1,0.3,1.3,2.0,0.0,0.5,0.4,11.78
1628981,Bruno Fernando,TOR,Forward-Center,17,8.6,3.4,3.0,1.1,0.2,0.5,1.5,2.9,0.0,0.4,0.8,11.77
1641721,Maxwell Lewis,BKN,Forward,28,11.7,4.1,2.0,0.7,0.3,0.3,1.6,3.9,0.7,0.3,0.5,11.72
1630550,JT Thor,WAS,Forward,20,12.5,3.6,2.4,0.3,0.4,0.5,1.3,3.0,0.3,0.8,0.5,11.7
1641936,Miles Norris,BOS,Forward,3,11.6,2.3,3.0,0.0,0.7,0.3,0.7,3.0,0.7,0.3,0.0,11.6
1630256,Jae'Sean Tate,HOU,Forward,52,11.3,3.6,2.3,0.9,0.5,0.1,1.3,2.8,0.3,0.6,0.4,11.54
1628975,Jevon Carter,CHI,Guard,36,8.9,4.3,1.1,1.1,0.4,0.1,1.5,4.1,1.0,0.2,0.3,11.53
202709,Cory Joseph,ORL,Guard,50,12.2,3.5,1.5,1.4,0.5,0.1,1.2,3.1,0.8,0.3,0.4,11.53
1630205,Lamar Stevens,MEM,Forward,17,9.1,4.4,2.2,0.5,0.3,0.2,1.7,3.7,0.5,0.5,0.6,11.51
1642050,Jackson Rowe,GSW,Forward,6,8.6,3.7,1.8,0.7,0.7,0.0,1.3,2.8,0.5,0.5,0.2,11.49
1631216,Caleb Houstan,ORL,Guard,58,13.6,4.1,1.3,0.6,0.4,0.1,1.4,3.3,1.1,0.3,0.2,11.39
1631104,Blake Wesley,SAS,Guard,58,11.8,3.7,1.1,2.0,0.6,0.1,1.4,3.2,0.3,0.7,0.9,11.16
1631123,Jamaree Bouyea,MIL,Guard,5,12.3,3.4,1.0,2.0,0.8,0.4,1.2,2.4,0.2,0.8,1.6,11.02
1630192,Zeke Nnaji,DEN,Forward-Center,57,10.7,3.2,1.6,0.4,0.4,0.7,1.2,2.5,0.3,0.5,0.2,11.0
200782,P.J. Tucker,NYK,Forward,3,19.3,3.0,2.7,0.0,0.3,0.3,1.0,2.3,1.0,0.0,0.3,10.94
201959,Taj Gibson,CHA,Forward,37,11.1,2.9,3.2,0.6,0.2,0.5,1.3,2.6,0.0,0.3,0.7,10.93
1630545,Terrence Shannon Jr.,MIN,Guard-Forward,32,10.6,4.3,1.5,1.0,0.2,0.2,1.7,3.6,0.3,0.5,0.5,10.81
1642265,Rob Dillingham,MIN,Guard,49,10.5,4.5,1.0,2.0,0.4,0.0,1.9,4.3,0.5,0.2,1.1,10.79
1630164,James Wiseman,IND,Center,1,4.6,6.0,1.0,0.0,0.0,0.0,2.0,4.0,0.0,2.0,0.0,10.7
1641757,Jordan Miller,LAC,Guard,37,11.4,4.1,1.6,0.9,0.5,0.1,1.6,3.6,0.2,0.8,0.7,10.68
1641854,Craig Porter Jr.,CLE,Guard,51,10.1,3.7,1.3,1.4,0.3,0.3,1.4,2.7,0.4,0.5,0.7,10.66
1631103,Malaki Branham,SAS,Forward,47,9.1,5.0,1.1,0.8,0.2,0.0,1.9,4.0,0.7,0.6,0.7,10.5
1641724,Jett Howard,ORL,Guard,60,11.7,4.5,1.2,0.7,0.2,0.2,1.6,4.4,0.9,0.3,0.6,10.47
202693,Markieff Morris,LAL,Forward,15,11.0,3.7,1.5,1.4,0.1,0.2,1.4,4.7,0.6,0.3,0.3,10.46
1642281,Jaylon Tyson,CLE,Guard-Forward,47,9.6,3.6,2.0,0.9,0.3,0.1,1.4,3.2,0.4,0.4,0.6,10.37
1641736,Reece Beekman,BKN,Guard,36,13.0,2.6,1.1,1.8,0.9,0.1,1.0,3.0,0.2,0.4,0.6,10.25
1631214,Alondes Williams,LAC,Guard,1,3.7,5.0,0.0,1.0,0.0,0.0,2.0,2.0,1.0,0.0,0.0,10.1
1630579,Jericho Sims,MIL,Center,53,11.9,1.8,3.7,0.6,0.2,0.4,0.8,1.3,0.0,0.2,0.6,9.89
203914,Gary Harris,ORL,Guard,48,14.8,3.0,1.3,0.6,0.5,0.3,1.1,2.8,0.8,0.1,0.4,9.89
201988,Patty Mills,LAC,Guard,29,11.1,3.8,0.8,0.9,0.4,0.1,1.2,3.3,0.9,0.4,0.6,9.69
1642484,RayJ Dennis,IND,Guard,11,6.4,2.7,1.1,1.3,0.6,0.2,1.0,3.0,0.5,0.2,0.5,9.55
203939,Dwight Powell,DAL,Forward-Center,55,10.0,2.1,2.1,1.0,0.3,0.4,0.8,1.1,0.0,0.5,0.3,9.48
1641879,Yuri Collins,GSW,Guard,2,8.2,1.0,1.5,2.0,1.0,0.0,0.5,1.5,0.0,0.0,0.0,9.45
1631250,Pete Nance,MIL,Forward,13,10.6,2.9,1.6,0.8,0.2,0.2,1.1,2.5,0.7,0.1,0.3,9.35
1641794,Dillon Jones,OKC,Forward,54,10.2,2.5,2.2,1.1,0.3,0.1,0.9,2.5,0.3,0.3,0.5,9.34
1641998,Trey Jemison III,LAL,Center,38,10.3,2.5,2.8,0.4,0.2,0.4,1.1,1.9,0.0,0.3,0.6,9.22
1631132,Christian Koloko,LAL,Center,37,9.2,2.4,2.5,0.4,0.2,0.4,1.1,1.8,0.0,0.3,0.3,9.14
1641734,Emoni Bates,CLE,Forward,10,7.5,3.7,0.7,0.8,0.1,0.1,1.3,3.8,1.1,0.0,0.2,8.99
203109,Jae Crowder,SAC,Forward,9,11.4,2.6,2.2,0.7,0.3,0.0,0.8,2.4,0.4,0.6,0.4,8.97
202684,Tristan Thompson,CLE,Center-Forward,40,8.2,1.7,3.4,0.6,0.1,0.3,0.8,1.8,0.0,0.2,0.4,8.94
1630531,Jaden Springer,UTA,Guard,43,8.5,2.5,1.3,0.8,0.6,0.1,0.8,2.1,0.3,0.6,0.4,8.73
1642352,Keshad Johnson,MIA,Forward,16,6.1,2.7,1.8,0.3,0.3,0.3,1.1,1.6,0.2,0.3,0.3,8.68
1630568,Luka Garza,MIN,Center,39,5.6,3.5,1.4,0.3,0.2,0.1,1.3,2.7,0.3,0.6,0.3,8.46
1642403,Isaac Jones,SAC,Forward,40,7.6,3.4,1.4,0.3,0.1,0.3,1.4,2.1,0.1,0.6,0.4,8.33
1628995,Kevin Knox II,GSW,Forward,14,6.0,3.3,1.2,0.4,0.1,0.3,1.3,2.6,0.3,0.4,0.3,8.23
1628365,Markelle Fultz,SAC,Guard,21,8.8,2.9,1.0,1.3,0.5,0.1,1.3,3.2,0.2,0.0,0.7,8.16
203458,Alex Len,LAL,Center,46,8.3,1.6,2.1,0.8,0.2,0.5,0.7,1.4,0.0,0.2,0.4,8.07
1630311,Pat Spencer,GSW,Guard,39,6.4,2.5,1.2,1.2,0.4,0.1,1.1,2.6,0.1,0.3,0.5,7.93
1631169,Josh Minott,MIN,Forward,46,6.0,2.6,1.0,0.4,0.3,0.3,1.0,2.0,0.3,0.4,0.2,7.8
1641816,Hunter Tyson,DEN,Forward,51,7.8,2.6,1.5,0.4,0.2,0.1,0.9,2.4,0.5,0.4,0.3,7.72
1641712,Rayan Rupert,POR,Guard-Forward,52,8.8,3.0,1.3,0.5,0.3,0.1,1.1,2.7,0.3,0.4,0.6,7.7
1641755,Kevin McCullar Jr.,NYK,Guard,4,7.3,1.5,2.0,0.5,0.3,0.3,0.5,1.8,0.0,0.5,0.0,7.69
1642277,Johnny Furphy,IND,Guard,50,7.6,2.1,1.4,0.4,0.4,0.2,0.7,1.8,0.3,0.4,0.2,7.64
1628427,Vlatko Čančar,DEN,Forward,13,10.4,1.8,2.5,0.7,0.2,0.2,0.8,2.0,0.3,0.0,0.8,7.6
202066,Garrett Temple,TOR,Guard-Forward,28,8.1,1.9,1.0,1.1,0.6,0.1,0.6,2.1,0.2,0.4,0.4,7.53
1631466,Nate Williams,HOU,Guard,20,7.3,3.3,0.7,0.5,0.4,0.2,1.4,3.1,0.3,0.3,0.7,7.53
1641809,Drew Peterson,BOS,Forward,25,7.4,2.2,1.6,0.5,0.2,0.1,0.7,1.6,0.5,0.3,0.3,7.48
203926,Doug McDermott,SAC,Forward,42,8.1,3.5,0.5,0.2,0.1,0.0,1.2,2.8,1.0,0.1,0.1,7.44
1642278,Tyler Kolek,NYK,Guard,41,7.2,2.0,0.7,1.7,0.3,0.1,0.7,2.0,0.3,0.3,0.4,7.4
1641890,Tyler Smith,MIL,Forward,23,5.3,2.9,1.1,0.2,0.1,0.2,1.0,2.2,0.6,0.3,0.3,7.36
1627814,Damion Lee,PHX,Guard-Forward,25,5.8,3.3,0.8,0.4,0.2,0.0,1.1,3.0,0.4,0.8,0.4,7.2
1631098,Johnny Davis,WAS,Guard,34,7.1,2.4,1.1,0.3,0.4,0.2,0.9,2.3,0.2,0.3,0.2,7.14
1641752,Bobi Klintman,DET,Forward,8,5.3,1.9,0.9,0.9,0.3,0.1,0.8,1.3,0.3,0.1,0.1,6.89
1630574,Ariel Hukporti,NYK,Center,25,8.7,1.9,2.0,0.4,0.0,0.6,0.8,1.2,0.0,0.2,0.8,6.86
1630561,David Duke Jr.,SAS,Guard,6,5.6,2.7,0.8,0.7,0.2,0.0,1.0,2.3,0.5,0.2,0.3,6.84
1629162,Jordan McLaughlin,SAS,Guard,46,6.8,2.1,0.7,1.1,0.3,0.0,0.7,1.6,0.4,0.4,0.3,6.83
1630264,Anthony Gill,WAS,Forward,51,7.8,2.5,1.3,0.3,0.2,0.0,0.8,1.7,0.2,0.6,0.2,6.66
1641738,Kobe Brown,LAC,Forward,40,6.8,1.9,1.6,0.6,0.2,0.1,0.8,1.8,0.2,0.1,0.3,6.59
1630222,Mason Jones,SAC,Guard,10,4.5,2.3,0.9,1.1,0.0,0.1,0.9,1.8,0.1,0.4,0.1,6.59
1631102,TyTy Washington Jr.,PHX,Guard,16,7.4,2.2,0.8,1.0,0.2,0.0,0.9,2.8,0.3,0.2,0.2,6.34
1642355,Bronny James,LAL,Guard,27,6.7,2.3,0.7,0.8,0.3,0.1,0.8,2.5,0.3,0.4,0.5,6.3
1630762,Phillip Wheeler,PHI,Forward,5,8.9,1.6,1.6,0.4,0.2,0.4,0.6,4.2,0.0,0.4,0.2,6.26
1631127,Harrison Ingram,SAS,Forward,5,7.0,0.8,1.8,0.6,0.6,0.0,0.4,0.8,0.0,0.0,0.2,6.14
1642422,Armel Traore,LAL,Forward,9,7.4,1.6,1.7,0.1,0.4,0.2,0.7,2.1,0.0,0.2,0.3,6.13
1630537,Chris Duarte,CHI,Guard,17,4.4,2.1,1.2,0.5,0.0,0.0,0.7,1.5,0.4,0.4,0.1,6.1
1642402,Enrique Freeman,IND,Forward,22,8.2,2.1,1.4,0.4,0.1,0.1,0.7,1.7,0.0,0.6,0.3,5.91
1641775,Jordan Walsh,BOS,Guard,52,7.8,1.6,1.3,0.4,0.2,0.2,0.6,1.6,0.3,0.1,0.3,5.88
1630528,Josh Christopher,MIA,Guard,14,5.0,2.0,0.6,0.6,0.4,0.2,0.8,2.2,0.1,0.3,0.4,5.86
1630699,MarJon Beauchamp,NYK,Forward,35,4.5,2.3,1.3,0.3,0.1,0.0,0.8,1.9,0.3,0.4,0.4,5.82
1631120,JD Davison,BOS,Guard,16,5.8,2.1,0.8,0.8,0.3,0.1,0.8,2.1,0.3,0.3,0.8,5.78
1631116,Patrick Baldwin Jr.,LAC,Forward,24,4.4,2.2,1.0,0.1,0.1,0.1,0.8,1.5,0.5,0.1,0.2,5.75
1642505,Alex Ducas,OKC,Guard,21,6.0,1.7,1.2,0.2,0.2,0.0,0.6,1.4,0.5,0.1,0.2,5.52
1642353,Cam Christie,LAC,Guard,13,4.5,1.4,0.9,0.5,0.4,0.1,0.5,1.8,0.2,0.2,0.2,5.44
1641801,Emanuel Miller,CHI,Forward,6,4.1,1.7,1.3,0.3,0.2,0.0,0.7,1.3,0.0,0.3,0.0,5.44
1642359,Pacôme Dadiet,NYK,Forward,18,6.2,1.7,1.0,0.3,0.2,0.1,0.6,1.7,0.3,0.2,0.2,5.31
1641753,Chris Livingston,MIL,Forward,21,5.0,1.4,1.7,0.2,0.2,0.0,0.4,1.3,0.0,0.6,0.3,5.14
1642461,Spencer Jones,DEN,Forward,20,6.2,1.3,0.9,0.3,0.3,0.3,0.6,1.7,0.1,0.2,0.3,5.11
1641790,PJ Hall,DEN,Center,19,3.5,1.7,1.2,0.2,0.0,0.2,0.7,1.3,0.1,0.2,0.1,5.09
1641745,Adam Flagler,OKC,Guard,37,5.5,1.8,0.7,0.3,0.2,0.1,0.7,2.6,0.4,0.0,0.1,5.03
1642443,Jahmir Young,CHI,Guard,6,4.9,1.8,0.5,1.0,0.0,0.0,0.7,0.8,0.2,0.3,0.2,4.99
1630604,E.J. Liddell,CHI,Forward,12,4.4,1.8,0.8,0.3,0.1,0.1,0.7,1.3,0.3,0.2,0.2,4.99
1641766,Adama Sanogo,CHI,Forward,4,5.4,2.0,1.5,0.3,0.0,0.0,1.0,1.8,0.0,0.0,0.3,4.89
1642530,Yuki Kawamura,MEM,Guard,22,4.2,1.6,0.5,0.9,0.1,0.0,0.5,1.4,0.3,0.3,0.2,4.82
1630214,Xavier Tillman,BOS,Forward,33,7.0,1.0,1.3,0.2,0.3,0.2,0.4,1.6,0.2,0.1,0.4,4.73
1630296,Braxton Key,GSW,Forward,3,3.6,1.0,0.7,0.0,0.7,0.0,0.0,1.3,0.0,1.0,0.3,4.44
1631247,Luke Travers,CLE,Forward,12,7.3,1.0,1.7,0.7,0.1,0.1,0.4,1.7,0.0,0.2,0.7,4.41
1631321,Sidy Cissoko,POR,Guard,22,5.2,1.5,1.0,0.7,0.1,0.0,0.6,1.4,0.1,0.1,0.5,4.22
1631210,Jacob Toppin,ATL,Forward,17,4.4,1.4,0.9,0.4,0.1,0.0,0.5,1.3,0.3,0.0,0.2,4.19
1631159,Leonard Miller,MIN,Forward,13,2.4,1.5,0.8,0.0,0.2,0.1,0.5,1.2,0.0,0.6,0.2,4.16
1629098,Jack McVeigh,HOU,Guard-Forward,9,4.8,1.6,0.6,0.1,0.0,0.2,0.6,1.9,0.4,0.0,0.2,3.97
1627746,Skal Labissiere,SAC,Forward-Center,4,3.0,1.3,0.8,0.3,0.0,0.0,0.5,1.0,0.3,0.0,0.0,3.85
1630618,D.J. Carton,TOR,Guard,4,8.3,0.8,1.0,0.8,0.5,0.0,0.3,1.8,0.0,0.3,1.0,3.74
1641789,Jazian Gortman,DAL,Guard,16,3.5,1.5,0.3,0.4,0.1,0.1,0.6,1.4,0.3,0.1,0.3,3.72
1630649,Stanley Umude,MIL,Guard,22,3.9,0.7,0.8,0.2,0.1,0.3,0.2,1.2,0.1,0.1,0.1,3.51
204060,Joe Ingles,MIN,Forward-Guard,19,6.0,0.8,0.6,1.2,0.1,0.0,0.3,1.2,0.2,0.0,0.5,3.51
1628408,PJ Dozier,MIN,Guard-Forward,9,3.9,0.8,0.6,0.6,0.1,0.0,0.2,0.3,0.2,0.1,0.1,3.39
1642280,Trentyn Flowers,LAC,Forward,6,4.4,1.8,0.7,0.0,0.0,0.0,0.7,1.8,0.0,0.5,0.2,3.39
1631303,Justin Minaya,POR,Forward,19,5.3,0.9,0.5,0.4,0.3,0.1,0.4,1.1,0.1,0.0,0.3,3.38
1641857,Liam Robbins,MIL,Center,13,4.4,0.7,0.9,0.2,0.2,0.2,0.2,0.6,0.0,0.4,0.5,3.28
1630346,Matt Ryan,NOP,Forward,19,3.6,1.5,0.4,0.2,0.1,0.0,0.5,1.6,0.3,0.1,0.2,3.28
1641725,Trey Alexander,DEN,Guard,24,4.9,1.3,0.5,0.5,0.1,0.0,0.5,1.7,0.1,0.1,0.2,3.26
1626143,Jahlil Okafor,IND,Center-Forward,1,3.4,0.0,1.0,1.0,0.0,0.0,0.0,0.0,0.0,0.0,0.0,3.0
1642279,Ulrich Chomche,TOR,Center,7,4.6,0.7,1.1,0.3,0.0,0.1,0.3,0.7,0.0,0.1,0.3,2.91
1630644,Mac McClung,ORL,Guard,2,5.1,0.0,0.5,1.5,0.0,0.0,0.0,1.0,0.0,0.0,0.0,2.8
1642434,Riley Minix,SAS,Forward,1,6.8,0.0,2.0,0.0,0.0,0.0,0.0,1.0,0.0,0.0,0.0,2.8
1642384,Isaiah Crawford,SAC,Forward,15,3.0,0.9,0.5,0.1,0.1,0.1,0.3,0.7,0.1,0.1,0.1,2.71
1629056,Terence Davis,SAC,Guard,1,7.9,0.0,1.0,1.0,0.0,0.0,0.0,2.0,0.0,0.0,0.0,2.6
1642439,Quincy Olivari,LAL,Guard,2,5.2,1.5,0.0,0.5,0.0,0.0,0.5,2.5,0.5,0.0,0.5,2.5
1642450,Daniss Jenkins,DET,Guard,7,3.2,1.0,0.3,0.4,0.0,0.0,0.4,1.4,0.1,0.0,0.1,2.22
1641779,Jalen Bridges,PHX,Forward,8,3.8,1.1,0.5,0.0,0.0,0.0,0.3,0.9,0.3,0.4,0.5,2.22
201949,James Johnson,IND,Forward,12,3.1,0.7,0.5,0.3,0.0,0.2,0.3,0.9,0.0,0.0,0.3,2.17
1630227,Daishen Nix,MIN,Guard,3,4.4,0.3,1.3,1.0,0.0,0.0,0.0,0.3,0.0,0.3,1.3,2.04
1631121,Bryce McGowens,POR,Guard,13,2.5,1.0,0.2,0.2,0.1,0.0,0.3,1.1,0.0,0.4,0.3,1.93
1641817,Anton Watson,NYK,Forward,9,2.5,0.9,0.3,0.2,0.1,0.0,0.4,1.0,0.0,0.0,0.2,1.85
1641815,Isaiah Stevens,MIA,Guard,3,1.8,0.0,0.7,0.0,0.3,0.0,0.0,0.7,0.0,0.0,0.0,1.81
1641803,Tristen Newton,MIN,Guard,8,2.0,0.4,0.5,0.3,0.1,0.0,0.1,1.0,0.0,0.1,0.3,1.45
1630678,Terry Taylor,SAC,Forward,3,2.1,0.0,0.3,0.7,0.0,0.0,0.0,0.3,0.0,0.0,0.0,1.44
1629667,Jalen McDaniels,SAC,Forward,4,1.8,0.0,0.0,0.3,0.3,0.0,0.0,0.0,0.0,0.0,0.0,1.35
1642385,Cui Cui,BKN,Forward,5,2.1,0.6,0.4,0.0,0.0,0.0,0.2,1.4,0.0,0.2,0.0,1.32
1642502,Malevy Leons,OKC,Forward,6,3.5,0.3,0.5,0.2,0.0,0.0,0.0,0.3,0.0,0.3,0.2,1.29
1642399,Jesse Edwards,MIN,Center,2,2.3,0.0,0.0,0.5,0.0,0.0,0.0,0.0,0.0,0.0,0.0,0.75
1642389,Zyon Pullin,MEM,Guard,3,0.9,0.0,0.0,0.0,0.0,0.0,0.0,0.3,0.0,0.0,0.0,-0.06
